strategy,test_loss,auth_accuracy,auth_ai_recall,auth_macro_f1,cat_accuracy,cat_macro_f1,auth_auc
loss_weights,0.10570427030324936,0.9733333333333334,0.972972972972973,0.9647556390977443,1.0,1.0,0.9976082276967233
weighted_sampler,0.0849231407046318,0.98,0.9459459459459459,0.972844125279102,1.0,1.0,0.9978474049270509
